double RSSI,uint64 TIMESTAMP,string PHY_PAYLOAD
-119.000000,1504805915,"400910012600840501E410666602"
-117.000000,1504719167,"40D12B0126007B4501A5469B48533D6D97C2230252C0A6BBE873202033D703533961"
-120.000000,1504954329,"402929012680100201D71D4BDBA20705119A304E1710782914"
-115.000000,1504836202,"40D12B0126007C4501BD4CA9CE935FB2E6E1CE8D0C3BDD20AD4F0451096A25652FF7"
-120.000000,1504845353,"40EC13012680F57701895399EEB6A0"
-119.000000,1504713807,"4009100126008605014EDA100BA7"
-115.000000,1521568001,"7C561EAF51621B4B710A2D42E4963CE3080A151FD2F567666FB7BEA5E41B255245841EE25CC05503A1C75BE038DC200E869F0B0E0C9CBF01586A0E"
-116.000000,1504883666,"40D12B0126007D4501D0391E4AC46092075E0F789EF3D19B130B23F3A591B9F38FB9"
-118.000000,1504883666,"4009100126008705012018333C96"
-119.000000,1504946087,"40D12B0126007E450138D08C539AD21CB50BDC8CCD0452EEF8E113BD01B95ABB6DC9"
-119.000000,1504859758,"4009100126008805013F02960340"
-119.000000,1504734234,"40D12B012600804501BAE2318377CC5CC9FC2B97EFD8AD7E9BA52D41DF43BF200747"
-118.000000,1504850719,"4009100126008A05010A3DBF79AB"
-118.000000,1504864424,"40EC13012680F67701523967E84489"
